[
    {
      "userId": "user1",
      "userName": "Alice Smith",
      "car": "Toyota Camry",
      "seats": 3,
      "pickUp": "Vanrose hunction",
      "destination": "Chicago"
    },
    {
      "userId": "user2",
      "userName": "Emily Jones",
      "car": "Hyundai Elantra",
      "seats": 4,
      "pickUp": "Vanrose hunction",
      "destination": "Atlanta"
    },
    {
      "userId": "user3",
      "userName": "Bob Smith",
      "car": "Ford Focus",
      "seats": 4,
      "pickUp": "Office",
      "destination": "Seattle"
    },
    {
      "userId": "user4",
      "userName": "Bob Smith",
      "car": "Ford Focus",
      "seats": 4,
      "pickUp": "Vanrose hunction",
      "destination": "San Diego"
    },
    {
      "userId": "user5",
      "userName": "Emily Jones",
      "car": "Nissan Sentra",
      "seats": 3,
      "pickUp": "PTP",
      "destination": "Boston"
    },
    {
      "userId": "user6",
      "userName": "Alice Smith",
      "car": "Hyundai Elantra",
      "seats": 4,
      "pickUp": "Office",
      "destination": "Seattle"
    },
    {
      "userId": "user7",
      "userName": "Bob Smith",
      "car": "Honda Civic",
      "seats": 5,
      "pickUp": "Office",
      "destination": "East-Fort"
    },
    {
      "userId": "user8",
      "userName": "John Doe",
      "car": "Honda Civic",
      "seats": 2,
      "pickUp": "Office",
      "destination": "East-Fort"
    },
    {
      "userId": "user9",
      "userName": "Alice Smith",
      "car": "Ford Focus",
      "seats": 4,
      "pickUp": "Office",
      "destination": "Seattle"
    },
    {
      "userId": "user10",
      "userName": "Emily Jones",
      "car": "Ford Focus",
      "seats": 4,
      "pickUp": "Vanrose hunction",
      "destination": "East-Fort"
    }
  ]